"first","last","FPTS","position","finish"
"patrick","mahomes",338.2,"QB",1
"deshaun","watson",320.7,"QB",2
"aaron","rodgers",308.6,"QB",3
"matt","ryan",302.1,"QB",4
"cam","newton",300.1,"QB",5
"andrew","luck",296.5,"QB",6
"drew","brees",290.2,"QB",7
"jameis","winston",288,"QB",8
"lamar","jackson",286.7,"QB",9
"jared","goff",286.6,"QB",10
"carson","wentz",285.6,"QB",11
"dak","prescott",285.5,"QB",12
"baker","mayfield",285.4,"QB",13
"ben","roethlisberger",283.5,"QB",14
"russell","wilson",281.2,"QB",15
"tom","brady",276.3,"QB",16
"mitch","trubisky",272.6,"QB",17
"kirk","cousins",271.6,"QB",18
"philip","rivers",270.2,"QB",19
"kyler","murray",268.4,"QB",20
"josh","allen",266,"QB",21
"jimmy","garoppolo",251.1,"QB",22
"derek","carr",241,"QB",23
"matthew","stafford",239.5,"QB",24
"andy","dalton",231.2,"QB",25
"sam","darnold",229,"QB",26
"marcus","mariota",225.3,"QB",27
"nick","foles",220.2,"QB",28
"eli","manning",193,"QB",29
"joe","flacco",188.2,"QB",30
"ryan","fitzpatrick",164.8,"QB",31
"dwayne","haskins",130.2,"QB",32
"case","keenum",73.5,"QB",33
"josh","rosen",71,"QB",34
"daniel","jones",46.9,"QB",35
"drew","lock",45.4,"QB",36
"c.j.","beathard",26.4,"QB",37
"taysom","hill",25.7,"QB",38
"colt","mccoy",21.1,"QB",39
"jacoby","brissett",20.5,"QB",40
"jeff","driskel",16.1,"QB",41
"ryan","tannehill",15.8,"QB",42
"blaine","gabbert",14.4,"QB",43
"nate","sudfeld",14,"QB",44
"gardner","minshew",13.7,"QB",45
"will","grier",13.6,"QB",46
"nick","mullens",12.1,"QB",47
"chase","daniel",11.8,"QB",48
"john","lovett",11.8,"QB",49
"blake","bortles",11.5,"QB",50
"robert","griffin",11.5,"QB",51
"taylor","heinicke",10.4,"QB",52
"brett","hundley",10.2,"QB",53
"paxton","lynch",10,"QB",54
"teddy","bridgewater",9.8,"QB",55
"trevor","siemian",9.7,"QB",56
"matt","barkley",9.5,"QB",57
"tyrod","taylor",8.3,"QB",58
"ryan","finley",8.2,"QB",59
"joshua","dobbs",8.2,"QB",60
"cooper","rush",8,"QB",61
"brian","hoyer",7.5,"QB",62
"chad","henne",7.3,"QB",63
"drew","stanton",7.2,"QB",64
"deshone","kizer",6.9,"QB",65
"mike","glennon",6.5,"QB",66
"aj","mccarron",6.3,"QB",67
"matt","schaub",5.8,"QB",68
"sean","mannion",5.2,"QB",69
"josh","johnson",4.2,"QB",70
"tom","savage",3.3,"QB",71
"cody","kessler",1.1,"QB",72
"cardale","jones",0,"QB",73
"geno","smith",0,"QB",74
"jake","rudock",0,"QB",75
"tyler","bray",0,"QB",76
"kevin","hogan",0,"QB",77
"chad","kelly",0,"QB",78
"kyle","lauletta",0,"QB",79
"alex","tanney",0,"QB",80
"nathan","peterman",0,"QB",81
"joe","webb",0,"QB",82
"garrett","gilbert",0,"QB",83
"kyle","allen",0,"QB",84
"alex","smith",0,"QB",85
"jarrett","stidham",0,"QB",86
"brett","rypien",0,"QB",87
"nick","fitzgerald",0,"QB",88
"easton","stick",0,"QB",89
"trace","mcsorley",0,"QB",90
"davis","webb",0,"QB",91
"tyree","jackson",0,"QB",92
"clayton","thorson",0,"QB",93
"david","fales",0,"QB",94
"mike","white",0,"QB",95
"logan","woodside",0,"QB",96
"luke","falk",0,"QB",97
"alex","mcgough",0,"QB",98
"tim","boyle",0,"QB",99
"joe","callahan",0,"QB",100
"kyle","sloter",0,"QB",101
"brandon","allen",0,"QB",102
"tanner","lee",0,"QB",103
"danny","etling",0,"QB",104
"mason","rudolph",0,"QB",105
"ryan","griffin",0,"QB",106
"julio","jones",205.2,"WR",1
"deandre","hopkins",202,"WR",2
"tyreek","hill",197.7,"WR",3
"michael","thomas",182.8,"WR",4
"mike","evans",182.2,"WR",5
"odell","beckham",176.1,"WR",6
"keenan","allen",168.5,"WR",7
"t.y.","hilton",162.4,"WR",8
"julian","edelman",158,"WR",9
"davante","adams",156.9,"WR",10
"brandin","cooks",154.4,"WR",11
"adam","thielen",153.8,"WR",12
"juju","smith-schuster",150.7,"WR",13
"robert","woods",147.8,"WR",14
"stefon","diggs",147.3,"WR",15
"kenny","golladay",142.5,"WR",16
"antonio","brown",141.3,"WR",17
"cooper","kupp",137.1,"WR",18
"mike","williams",133.7,"WR",19
"a.j.","green",130.4,"WR",20
"alshon","jeffery",129.4,"WR",21
"robby","anderson",128,"WR",22
"sammy","watkins",127.2,"WR",23
"d.j.","moore",125.6,"WR",24
"josh","gordon",124.2,"WR",25
"amari","cooper",123.5,"WR",26
"calvin","ridley",121.3,"WR",27
"tyler","lockett",121.2,"WR",28
"jarvis","landry",120.7,"WR",29
"marvin","jones",117.6,"WR",30
"sterling","shepard",111.7,"WR",31
"dante","pettis",111.6,"WR",32
"corey","davis",109.4,"WR",33
"chris","godwin",108.2,"WR",34
"curtis","samuel",107.3,"WR",35
"tyler","boyd",106.7,"WR",36
"dede","westbrook",106.3,"WR",37
"larry","fitzgerald",105.1,"WR",38
"allen","robinson",102.9,"WR",39
"kenny","stills",101.1,"WR",40
"courtland","sutton",99,"WR",41
"desean","jackson",97.9,"WR",42
"michael","gallup",95,"WR",43
"ted","ginn",92.8,"WR",44
"geronimo","allison",90.9,"WR",45
"christian","kirk",90.4,"WR",46
"tyrell","williams",89.9,"WR",47
"jamison","crowder",89.6,"WR",48
"will","fuller",88.8,"WR",49
"donte","moncrief",88.2,"WR",50
"devin","funchess",87.4,"WR",51
"john","brown",87.4,"WR",52
"albert","wilson",83.4,"WR",53
"daesean","hamilton",83.1,"WR",54
"golden","tate",82.2,"WR",55
"devante","parker",81.3,"WR",56
"anthony","miller",80.1,"WR",57
"emmanuel","sanders",79.6,"WR",58
"d.k.","metcalf",79.6,"WR",59
"james","washington",78.5,"WR",60
"keke","coutee",78.1,"WR",61
"marquise","goodwin",76,"WR",62
"mohamed","sanu",75.2,"WR",63
"marqise","lee",74.4,"WR",64
"taylor","gabriel",73.3,"WR",65
"paul","richardson",73.2,"WR",66
"parris","campbell",72.1,"WR",67
"marquise","brown",71.8,"WR",68
"cole","beasley",70.9,"WR",69
"quincy","enunwa",69.6,"WR",70
"marquez","valdes-scantling",69.6,"WR",71
"zay","jones",69.4,"WR",72
"josh","doctson",69.1,"WR",73
"willie","snead",68.1,"WR",74
"danny","amendola",66.9,"WR",75
"randall","cobb",65.5,"WR",76
"adam","humphries",64.3,"WR",77
"trey","quinn",62.9,"WR",78
"rashard","higgins",62.6,"WR",79
"david","moore",61.8,"WR",80
"breshad","perriman",58.9,"WR",81
"nelson","agholor",57.9,"WR",82
"robert","foster",56,"WR",83
"andy","isabella",55.8,"WR",84
"deebo","samuel",55.6,"WR",85
"a.j.","brown",54.7,"WR",86
"n'keal","harry",54.5,"WR",87
"john","ross",54.3,"WR",88
"travis","benjamin",53.9,"WR",89
"chris","conley",53.3,"WR",90
"tre'quan","smith",51.9,"WR",91
"demarcus","robinson",50.8,"WR",92
"miles","boykin",47.8,"WR",93
"d.j.","chark",47.7,"WR",94
"hunter","renfrow",46.7,"WR",95
"mecole","hardman",45.6,"WR",96
"terry","mclaurin",44.1,"WR",97
"cody","latimer",43.9,"WR",98
"chris","hogan",41.6,"WR",99
"keelan","cole",39.6,"WR",100
"laquon","treadwell",39.6,"WR",101
"antonio","callaway",36.9,"WR",102
"equanimeous","st.",36.1,"WR",103
"keesean","johnson",36,"WR",104
"hakeem","butler",35.9,"WR",105
"j.j.","arcega-whiteside",35.4,"WR",106
"tim","patrick",35.3,"WR",107
"chester","rogers",35.1,"WR",108
"josh","reynolds",35,"WR",109
"keith","kirkwood",34.5,"WR",110
"jarius","wright",34.4,"WR",111
"chad","beebe",33.7,"WR",112
"jakeem","grant",33,"WR",113
"cordarrelle","patterson",31.5,"WR",114
"ryan","switzer",30.8,"WR",115
"phillip","dorsett",30.4,"WR",116
"jaron","brown",29.8,"WR",117
"seth","roberts",28.9,"WR",118
"bennie","fowler",28.5,"WR",119
"marcell","ateman",28.3,"WR",120
"jalen","hurd",28.3,"WR",121
"chris","moore",26.5,"WR",122
"kendrick","bourne",26.3,"WR",123
"eli","rogers",26.2,"WR",124
"justin","watson",25.9,"WR",125
"darius","slayton",25.6,"WR",126
"justin","hardy",25.3,"WR",127
"tavon","austin",24.8,"WR",128
"ryan","grant",24.2,"WR",129
"gary","jennings",23.9,"WR",130
"taywan","taylor",23.6,"WR",131
"diontae","johnson",23.4,"WR",132
"trent","taylor",22.9,"WR",133
"jordan","taylor",22.7,"WR",134
"j.j.","nelson",21.5,"WR",135
"demaryius","thomas",21.5,"WR",136
"preston","williams",20.9,"WR",137
"jaelen","strong",20.6,"WR",138
"amara","darboh",19.7,"WR",139
"tajae","sharpe",18.9,"WR",140
"isaiah","mckenzie",18.7,"WR",141
"tj","jones",18.6,"WR",142
"jake","kumerow",18.4,"WR",143
"allen","hurns",18.2,"WR",144
"deon","cain",17.8,"WR",145
"torrey","smith",17.8,"WR",146
"bobo","wilson",17.6,"WR",147
"alex","erickson",17.1,"WR",148
"zach","pascal",16.8,"WR",149
"jakobi","meyers",16.6,"WR",150
"russell","shepard",16.4,"WR",151
"travis","fulgham",16.4,"WR",152
"marvin","hall",14.7,"WR",153
"darvin","kidsy",14.5,"WR",154
"kelvin","harmon",14.1,"WR",155
"riley","ridley",14,"WR",156
"austin","carr",13.9,"WR",157
"cody","core",13.7,"WR",158
"brian","quick",13.6,"WR",159
"jehu","chesson",13.5,"WR",160
"terry","godwin",13.4,"WR",161
"deandre","carter",13.1,"WR",162
"chris","lacy",12.9,"WR",163
"artavis","scott",12.1,"WR",164
"russell","gage",11.5,"WR",165
"geremy","davis",11.1,"WR",166
"jordan","matthews",11.1,"WR",167
"byron","marshall",11,"WR",168
"josh","bellamy",11,"WR",169
"maurice","harris",10.6,"WR",170
"vyncint","smith",10.5,"WR",171
"andy","jones",10.5,"WR",172
"aldrick","robinson",10.5,"WR",173
"braxton","miller",10.3,"WR",174
"tanner","gentry",10.2,"WR",175
"tommylee","lewis",10,"WR",176
"josh","malone",9.8,"WR",177
"derrick","willies",9.7,"WR",178
"quadree","henderson",9,"WR",179
"brice","butler",9,"WR",180
"brandon","zylstra",8.8,"WR",181
"kalif","raymond",8.8,"WR",182
"trevor","davis",8.7,"WR",183
"mack","hollins",8.7,"WR",184
"rashad","ross",8.6,"WR",185
"k.j.","brent",8.4,"WR",186
"keon","hatcher",8.2,"WR",187
"vince","mayle",8.2,"WR",188
"damion","ratley",8.1,"WR",189
"richie","james",7.8,"WR",190
"cameron","meredith",7.6,"WR",191
"river","cracraft",7.6,"WR",192
"deontay","burnett",7.6,"WR",193
"marcus","kemp",7.3,"WR",194
"ray-ray","mccloud",7.1,"WR",195
"malik","turner",7.1,"WR",196
"hunter","sharp",6.8,"WR",197
"noah","brown",6.8,"WR",198
"victor","bolden",6.7,"WR",199
"cam","phillips",6.6,"WR",200
"dwayne","harris",6.6,"WR",201
"johnny","holton",6.4,"WR",202
"allen","lazard",6.3,"WR",203
"mike","thomas",5.9,"WR",204
"cedrick","wilson",5.8,"WR",205
"devin","smith",5.8,"WR",206
"dontrelle","inman",5.8,"WR",207
"charles","johnson",5.7,"WR",208
"kevin","white",5.6,"WR",209
"brandon","powell",5.6,"WR",210
"isaiah","ford",5.4,"WR",211
"jojo","natson",5.2,"WR",212
"greg","dortch",5.2,"WR",213
"gehrig","dieter",5.2,"WR",214
"olabisi","johnson",5.2,"WR",215
"tim","white",5.1,"WR",216
"cam","sims",5,"WR",217
"terrelle","pryor",4.9,"WR",218
"j'mon","moore",4.9,"WR",219
"chad","hansen",4.8,"WR",220
"darius","jennings",4.8,"WR",221
"javon","wims",4.8,"WR",222
"deonte","thompson",4.1,"WR",223
"j.j.","jones",4.1,"WR",224
"charone","peake",3.8,"WR",225
"nick","williams",3.7,"WR",226
"isaac","whitney",3.5,"WR",227
"michael","floyd",3.5,"WR",228
"auden","tate",3.4,"WR",229
"trent","sherfield",3.4,"WR",230
"andre","roberts",3.3,"WR",231
"khadarel","hodge",3,"WR",232
"byron","pringle",3,"WR",233
"marcus","green",3,"WR",234
"krishawn","hogan",2.8,"WR",235
"marcus","johnson",2.8,"WR",236
"deandrew","white",2.8,"WR",237
"damiere","byrd",2.8,"WR",238
"brittan","golden",2.5,"WR",239
"pharoh","cooper",2.4,"WR",240
"jaleel","scott",2.1,"WR",241
"chad","williams",1.8,"WR",242
"juwann","winfree",1.3,"WR",243
"keenan","reynolds",1.2,"WR",244
"matt","slater",1.1,"WR",245
"stephen","louis",0,"WR",246
"david","sills",0,"WR",247
"alexander","hollins",0,"WR",248
"saeed","blacknall",0,"WR",249
"tom","kennedy",0,"WR",250
"daurice","fountain",0,"WR",251
"jaydon","mickens",0,"WR",252
"shawn","bane",0,"WR",253
"steven","mitchell",0,"WR",254
"jordan","williams-lambert",0,"WR",255
"nick","easley",0,"WR",256
"jester","weah",0,"WR",257
"jordan","veasy",0,"WR",258
"isaac","zico",0,"WR",259
"bryant","mitchell",0,"WR",260
"lil'jordan","humphrey",0,"WR",261
"antoine","wesley",0,"WR",262
"emmanuel","butler",0,"WR",263
"alex","bachman",0,"WR",264
"cam","batson",0,"WR",265
"trenton","irwin",0,"WR",266
"michael","walker",0,"WR",267
"rashard","davis",0,"WR",268
"jordan","lasley",0,"WR",269
"cyril","grayson",0,"WR",270
"a.j.","richardson",0,"WR",271
"dorian","baker",0,"WR",272
"reggie","davis",0,"WR",273
"trey","griffey",0,"WR",274
"marken","michel",0,"WR",275
"malachi","dupre",0,"WR",276
"jon'vea","johnson",0,"WR",277
"damon","sheehy-guiseppi",0,"WR",278
"jalen","greene",0,"WR",279
"robert","davis",0,"WR",280
"emanuel","hall",0,"WR",281
"roger","lewis",0,"WR",282
"da'mari","scott",0,"WR",283
"john","ursua",0,"WR",284
"simmie","cobbs",0,"WR",285
"chris","thompson",0,"WR",286
"deangelo","yancey",0,"WR",287
"dillon","mitchell",0,"WR",288
"austin","proehl",0,"WR",289
"tanner","mcevoy",0,"WR",290
"penny","hart",0,"WR",291
"alonzo","russell",0,"WR",292
"carlton","agudosi",0,"WR",293
"ashton","dulin",0,"WR",294
"taquan","mizzell",0,"WR",295
"braxton","berrios",0,"WR",296
"tyre","brady",0,"WR",297
"kelvin","mcknight",0,"WR",298
"tre","mcbride",0,"WR",299
"brendan","langley",0,"WR",300
"joe","webb",0,"WR",301
"saquon","barkley",270.6,"RB",1
"christian","mccaffrey",253,"RB",2
"alvin","kamara",246.6,"RB",3
"ezekiel","elliott",242.6,"RB",4
"david","johnson",215.6,"RB",5
"james","conner",213.7,"RB",6
"le'veon","bell",210.2,"RB",7
"todd","gurley",207.8,"RB",8
"joe","mixon",205,"RB",9
"nick","chubb",204.7,"RB",10
"dalvin","cook",201.4,"RB",11
"melvin","gordon",194.2,"RB",12
"derrick","henry",188.1,"RB",13
"kerryon","johnson",187.3,"RB",14
"chris","carson",185.2,"RB",15
"damien","williams",184.9,"RB",16
"leonard","fournette",183.5,"RB",17
"marlon","mack",179.3,"RB",18
"aaron","jones",177,"RB",19
"devonta","freeman",174.4,"RB",20
"josh","jacobs",170.8,"RB",21
"sony","michel",170.2,"RB",22
"david","montgomery",158.5,"RB",23
"mark","ingram",157.6,"RB",24
"phillip","lindsay",154.8,"RB",25
"lamar","miller",150.4,"RB",26
"kenyan","drake",143.9,"RB",27
"tevin","coleman",137.5,"RB",28
"james","white",133.8,"RB",29
"derrius","guice",127.7,"RB",30
"peyton","barber",116.4,"RB",31
"miles","sanders",116.3,"RB",32
"tarik","cohen",116.1,"RB",33
"austin","ekeler",114.1,"RB",34
"lesean","mccoy",108.2,"RB",35
"jordan","howard",107.7,"RB",36
"rashaad","penny",107.6,"RB",37
"latavius","murray",106.6,"RB",38
"royce","freeman",99.5,"RB",39
"darrell","henderson",98.6,"RB",40
"matt","breida",95.4,"RB",41
"duke","johnson",93.9,"RB",42
"dion","lewis",89.9,"RB",43
"kalen","ballage",89.8,"RB",44
"adrian","peterson",86.2,"RB",45
"jaylen","samuels",83.3,"RB",46
"ronald","jones",82.9,"RB",47
"nyheim","hines",80.8,"RB",48
"c.j.","anderson",80.1,"RB",49
"jamaal","williams",79.5,"RB",50
"ito","smith",77.5,"RB",51
"jalen","richard",76.8,"RB",52
"carlos","hyde",75.1,"RB",53
"chris","thompson",72.9,"RB",54
"kareem","hunt",72.1,"RB",55
"jerick","mckinnon",68.2,"RB",56
"damien","harris",67.8,"RB",57
"giovani","bernard",67.7,"RB",58
"gus","edwards",64.6,"RB",59
"devin","singletary",61.4,"RB",60
"alexander","mattison",61,"RB",61
"frank","gore",59.5,"RB",62
"justin","jackson",57.4,"RB",63
"justice","hill",56.6,"RB",64
"rodney","anderson",55.1,"RB",65
"mike","davis",54,"RB",66
"alfred","blue",53.7,"RB",67
"darwin","thompson",49.6,"RB",68
"tony","pollard",46.1,"RB",69
"doug","martin",44,"RB",70
"chase","edmonds",42.8,"RB",71
"bilal","powell",41.4,"RB",72
"rex","burkhead",41.3,"RB",73
"corey","clement",40.7,"RB",74
"elijah","mcguire",40.4,"RB",75
"zach","zenner",40.2,"RB",76
"ty","montgomery",39,"RB",77
"t.j.","yeldon",38.2,"RB",78
"andre","ellington",37.3,"RB",79
"theo","riddick",37,"RB",80
"dontrell","hilliard",37,"RB",81
"jacquizz","rodgers",36,"RB",82
"wayne","gallman",35.6,"RB",83
"ryquell","armstead",34.3,"RB",84
"wendell","smallwood",34.1,"RB",85
"malcolm","brown",34.1,"RB",86
"cameron","artis-payne",33.5,"RB",87
"brandon","bolden",31.9,"RB",88
"brian","hill",31.2,"RB",89
"d'onta","foreman",31.2,"RB",90
"j.d.","mckissic",30.7,"RB",91
"myles","gaskin",30.1,"RB",92
"reggie","bonnafon",28.7,"RB",93
"dexter","williams",28.6,"RB",94
"kyle","juszczyk",28.3,"RB",95
"spencer","ware",27.6,"RB",96
"jordan","wilkins",27.1,"RB",97
"josh","ferguson",25.9,"RB",98
"damarea","crockett",25.4,"RB",99
"kenneth","dixon",25.3,"RB",100
"benny","snell",24.8,"RB",101
"darren","sproles",24.8,"RB",102
"devontae","booker",24.8,"RB",103
"alfred","morris",24.5,"RB",104
"qadree","ollison",22.7,"RB",105
"thomas","rawls",22.6,"RB",106
"c.j.","prosise",22.5,"RB",107
"darrel","williams",21.3,"RB",108
"ty","johnson",19.5,"RB",109
"rod","smith",19.1,"RB",110
"darius","jackson",19,"RB",111
"travis","homer",17.1,"RB",112
"paul","perkins",17.1,"RB",113
"dwayne","washington",16.5,"RB",114
"trey","edmunds",15.9,"RB",115
"josh","adams",15.4,"RB",116
"mark","walton",15.2,"RB",117
"ameer","abdullah",15.1,"RB",118
"jordan","scarlett",14.5,"RB",119
"james","develin",14.4,"RB",120
"trayveon","williams",14.4,"RB",121
"jeff","wilson",14.3,"RB",122
"anthony","sherman",14.2,"RB",123
"justin","davis",13.6,"RB",124
"bruce","anderson",12.6,"RB",125
"mike","boone",12.5,"RB",126
"raheem","mostert",12.5,"RB",127
"deandre","washington",12,"RB",128
"trenton","cannon",12,"RB",129
"detrez","newsome",11.7,"RB",130
"alex","armah",11.6,"RB",131
"samaje","perine",11,"RB",132
"zach","line",10.4,"RB",133
"tra","carson",10.4,"RB",134
"john","kelly",9.9,"RB",135
"bryce","love",9.6,"RB",136
"troymaine","pope",9.6,"RB",137
"elijhaa","penny",8.9,"RB",138
"patrick","ricard",8.9,"RB",139
"boston","scott",8.7,"RB",140
"dare","ogunbowale",8.6,"RB",141
"tremon","smith",8.6,"RB",142
"kenneth","farrow",8.5,"RB",143
"t.j.","logan",8.1,"RB",144
"shaun","wilson",8,"RB",145
"d.j.","foster",7.9,"RB",146
"cj","ham",7.9,"RB",147
"nick","bellore",7.9,"RB",148
"tyler","ervin",7.8,"RB",149
"david","fluellen",7.8,"RB",150
"andy","janovich",7.2,"RB",151
"taiwan","jones",7.1,"RB",152
"patrick","dimarco",6.6,"RB",153
"kenjon","barner",6.5,"RB",154
"taquan","mizzell",6.5,"RB",155
"jeremy","mcnichols",6.3,"RB",156
"jamize","olawale",6.2,"RB",157
"de'lance","turner",6,"RB",158
"jonathan","williams",5.8,"RB",159
"garrett","griffin",5.8,"RB",160
"de'angelo","henderson",5.6,"RB",161
"michael","burton",5.6,"RB",162
"derek","watt",5.6,"RB",163
"roosevelt","nix",5.5,"RB",164
"brandon","wilds",5.3,"RB",165
"nick","bawden",5.2,"RB",166
"ricky","ortiz",5.1,"RB",167
"tommy","bohanon",4.8,"RB",168
"senorise","perry",4.4,"RB",169
"keith","smith",4,"RB",170
"gregory","howell",1.9,"RB",171
"dan","vitale",1.9,"RB",172
"keith","ford",0,"RB",173
"devante","mays",0,"RB",174
"donnel","pumphrey",0,"RB",175
"elijah","holyfield",0,"RB",176
"cethan","carter",0,"RB",177
"akeem","hunt",0,"RB",178
"khalfani","muhammad",0,"RB",179
"roc","thomas",0,"RB",180
"david","williams",0,"RB",181
"shane","smith",0,"RB",182
"karan","higdon",0,"RB",183
"devine","ozigbo",0,"RB",184
"mack","brown",0,"RB",185
"byron","marshall",0,"RB",186
"marcus","murphy",0,"RB",187
"malcolm","johnson",0,"RB",188
"quinton","flowers",0,"RB",189
"chandler","cox",0,"RB",190
"kerwynn","williams",0,"RB",191
"cullen","gillaspia",0,"RB",192
"bo","scarbrough",0,"RB",193
"mike","weber",0,"RB",194
"alex","barnes",0,"RB",195
"travis","kelce",180.5,"TE",1
"george","kittle",153.5,"TE",2
"zach","ertz",138.7,"TE",3
"o.j.","howard",118.7,"TE",4
"evan","engram",111.4,"TE",5
"jared","cook",111.2,"TE",6
"hunter","henry",106.4,"TE",7
"vance","mcdonald",95.2,"TE",8
"eric","ebron",94,"TE",9
"david","njoku",92.3,"TE",10
"jordan","reed",86,"TE",11
"delanie","walker",85.5,"TE",12
"mark","andrews",85,"TE",13
"austin","hooper",84.7,"TE",14
"jimmy","graham",79.5,"TE",15
"greg","olsen",79,"TE",16
"trey","burton",77.6,"TE",17
"kyle","rudolph",76.6,"TE",18
"jack","doyle",73.6,"TE",19
"noah","fant",71.8,"TE",20
"t.j.","hockenson",70.4,"TE",21
"tyler","eifert",69.1,"TE",22
"jason","witten",64.2,"TE",23
"chris","herndon",62.4,"TE",24
"dallas","goedert",59.5,"TE",25
"darren","waller",58,"TE",26
"will","dissly",51.4,"TE",27
"cameron","brate",47.3,"TE",28
"vernon","davis",47,"TE",29
"mike","gesicki",46.9,"TE",30
"gerald","everett",45.7,"TE",31
"geoff","swaim",44.8,"TE",32
"benjamin","watson",44.5,"TE",33
"jace","sternberger",40.6,"TE",34
"ian","thomas",38.9,"TE",35
"jordan","thomas",38.2,"TE",36
"ricky","seals-jones",36.8,"TE",37
"matt","lacosse",35.9,"TE",38
"josh","oliver",35.9,"TE",39
"hayden","hurst",35.7,"TE",40
"blake","jarwin",34.3,"TE",41
"tyler","higbee",34.1,"TE",42
"c.j.","uzomah",32.8,"TE",43
"jesse","james",32.3,"TE",44
"charles","clay",32.1,"TE",45
"irv","smith",30.8,"TE",46
"mo","alie-cox",29.9,"TE",47
"jeff","heuerman",29.9,"TE",48
"adam","shaheen",29.8,"TE",49
"nick","vannett",29.5,"TE",50
"tyler","kroft",28.1,"TE",51
"rhett","ellison",26.6,"TE",52
"dawson","knox",26.5,"TE",53
"jason","croom",25.2,"TE",54
"kahale","warring",24.9,"TE",55
"jonnu","smith",24.7,"TE",56
"james","o'shaughnessy",24.5,"TE",57
"jordan","akins",22.7,"TE",58
"virgil","green",22.5,"TE",59
"demetrius","harris",21.2,"TE",60
"jacob","hollister",20.4,"TE",61
"drew","sample",20.3,"TE",62
"tanner","hudson",20.2,"TE",63
"jake","butt",19.9,"TE",64
"nick","o'leary",19.4,"TE",65
"ed","dickson",18.7,"TE",66
"jakob","johnson",18.5,"TE",67
"dwayne","allen",18.3,"TE",68
"xavier","grimble",17.8,"TE",69
"josh","hill",17.8,"TE",70
"maxx","williams",17.7,"TE",71
"ryan","griffin",17.2,"TE",72
"logan","paulsen",16.6,"TE",73
"levine","toilolo",16,"TE",74
"anthony","firkser",16,"TE",75
"eric","tomlinson",14.2,"TE",76
"luke","stocker",14.2,"TE",77
"foster","moreau",14.1,"TE",78
"derek","carrier",14,"TE",79
"nick","boyle",13.4,"TE",80
"robert","tonyan",13.4,"TE",81
"blake","bell",13.3,"TE",82
"garrett","celek",13.3,"TE",83
"zach","gentry",13,"TE",84
"luke","willson",12.9,"TE",85
"mycole","pruitt",12.9,"TE",86
"dan","arnold",12.3,"TE",87
"marcedes","lewis",12,"TE",88
"trevon","wesco",11.5,"TE",89
"chris","manhertz",11.4,"TE",90
"tyler","conklin",11.2,"TE",91
"stephen","anderson",11.2,"TE",92
"garrett","griffin",10.9,"TE",93
"daniel","brown",10.6,"TE",94
"lance","kendricks",10.6,"TE",95
"seth","devalve",10.6,"TE",96
"kaden","smith",10.5,"TE",97
"alize","mack",10.3,"TE",98
"isaac","nauta",9.8,"TE",99
"darren","fells",9.6,"TE",100
"jeremy","sprinkle",9.1,"TE",101
"antony","auclair",9,"TE",102
"dalton","schultz",8.7,"TE",103
"durham","smythe",8.6,"TE",104
"jason","vander",8.4,"TE",105
"cethan","carter",8.1,"TE",106
"richard","rodgers",7.8,"TE",107
"jordan","franks",7.4,"TE",108
"caleb","wilson",6.4,"TE",109
"lee","smith",6.3,"TE",110
"sean","culkin",6.1,"TE",111
"deon","yelder",5.9,"TE",112
"joshua","perkins",5.4,"TE",113
"logan","thomas",5,"TE",114
"cole","wick",4.9,"TE",115
"jordan","leggett",4.7,"TE",116
"david","morgan",4.7,"TE",117
"scott","simonson",4.7,"TE",118
"eric","saubert",4.6,"TE",119
"jerome","cunningham",4.6,"TE",120
"ben","braunecker",4.5,"TE",121
"tommy","sweeney",4.2,"TE",122
"gabe","holmes",4.1,"TE",123
"ross","dwelley",4,"TE",124
"ross","travis",3.9,"TE",125
"ben","koyack",3.9,"TE",126
"clive","walford",3.9,"TE",127
"jerell","adams",3.7,"TE",128
"rico","gathers",3.3,"TE",129
"matt","flanagan",3.3,"TE",130
"evan","baylis",3.2,"TE",131
"ryan","izzo",3,"TE",132
"a.j.","derby",2.9,"TE",133
"c.j.","conrad",2.6,"TE",134
"troy","fumagalli",2.4,"TE",135
"mason","schreck",2.4,"TE",136
"ryan","hewitt",2.3,"TE",137
"will","tye",2,"TE",138
"johnny","mundt",1.5,"TE",139
"darrell","daniels",1.5,"TE",140
"donnie","ernsberger",0,"TE",141
"garrett","dickerson",0,"TE",142
"vince","mayle",0,"TE",143
"austin","traylor",0,"TE",144
"bucky","hodges",0,"TE",145
"alex","ellis",0,"TE",146
"moritz","bohringer",0,"TE",147
"cole","hikutini",0,"TE",148
"temarrick","hemingway",0,"TE",149
"marcus","lucas",0,"TE",150
